mode,addr,size
W,0x00007ffc186bf8f0,8
W,0x00007ffc186bf8d8,8
W,0x00007ffc186bf8d0,8
W,0x00007ffc186bf8cc,4
W,0x00007ffc186bf8e8,4
W,0x00007ffc186bf8ec,4
R,0x00007ffc186bf8ec,4
R,0x00007ffc186bf8cc,4
R,0x00007ffc186bf8ec,4
R,0x00007ffc186bf8d8,8
R,0x0000557a0e42c260,4
R,0x00007ffc186bf8ec,4
R,0x00007ffc186bf8d0,8
R,0x0000557a0e42c280,4
R,0x00007ffc186bf8e8,4
W,0x00007ffc186bf8e8,4
R,0x00007ffc186bf8ec,4
W,0x00007ffc186bf8ec,4
R,0x00007ffc186bf8ec,4
R,0x00007ffc186bf8cc,4
R,0x00007ffc186bf8e8,4
R,0x00007ffc186bf8f0,8
R,0x00007ffc186bf8f8,8
